{
  "default_compactness_weight": 0.5504201680672268,
  "default_efficiency_weight": 0.4495798319327732,
  "default_population_threshold": 0.09997478991596638,
  "max_loop_steps": 2556
}