{
  "default_compactness_weight_pp": 0.3000269800885432,
  "default_compactness_weight_sch": 0.3,
  "default_efficiency_weight": 0.39997301991145684,
  "default_population_threshold": 0.09997478991596638,
  "max_loop_steps": 290
}