{
  "default_compactness_weight": 0.18907563025210072,
  "default_efficiency_weight": 0.8109243697478993,
  "default_population_threshold": 0.09997478991596638,
  "max_loop_steps": 2556
}